{"cameraMode":{"drawMode":0,"name":"Shaded","section":"Shading Mode"},"sceneLighting":true,"audioPlay":false,"sceneViewState":{"m_AlwaysRefresh":false,"showFog":true,"showSkybox":true,"showFlares":true,"showImageEffects":true,"showParticleSystems":true,"showVisualEffectGraphs":true,"m_FxEnabled":true},"in2DMode":false,"pivot":{"x":0.6981173157691956,"y":0.6616837978363037,"z":0.5411367416381836},"rotation":{"x":0.27826759219169619,"y":-0.00864427350461483,"z":0.002505476586520672,"w":0.9604657292366028},"size":4.335245132446289,"orthographic":false}