{"cameraMode":{"drawMode":0,"name":"Shaded","section":"Shading Mode"},"sceneLighting":true,"audioPlay":false,"sceneViewState":{"m_AlwaysRefresh":false,"showFog":true,"showSkybox":true,"showFlares":true,"showImageEffects":true,"showParticleSystems":true,"showVisualEffectGraphs":true,"m_FxEnabled":true},"in2DMode":false,"pivot":{"x":0.3893921971321106,"y":-1.8054571151733399,"z":1.7636041641235352},"rotation":{"x":0.3494526147842407,"y":-0.00843249261379242,"z":0.0031456227879971267,"w":0.9369146823883057},"size":6.841525554656982,"orthographic":false}