{"cameraMode":{"drawMode":0,"name":"Shaded","section":"Shading Mode"},"sceneLighting":true,"audioPlay":false,"sceneViewState":{"m_AlwaysRefresh":false,"showFog":true,"showSkybox":true,"showFlares":true,"showImageEffects":true,"showParticleSystems":true,"showVisualEffectGraphs":true,"m_FxEnabled":true},"in2DMode":false,"pivot":{"x":-0.10215067863464356,"y":-3.4739761352539064,"z":3.2871274948120119},"rotation":{"x":0.39105167984962466,"y":-0.0826609879732132,"z":0.03529000282287598,"w":0.9159716367721558},"size":8.517780303955079,"orthographic":false}