{"cameraMode":{"drawMode":0,"name":"Shaded","section":"Shading Mode"},"sceneLighting":true,"audioPlay":false,"sceneViewState":{"m_AlwaysRefresh":false,"showFog":true,"showSkybox":true,"showFlares":true,"showImageEffects":true,"showParticleSystems":true,"showVisualEffectGraphs":true,"m_FxEnabled":true},"in2DMode":false,"pivot":{"x":594.8458862304688,"y":287.9455261230469,"z":73.769287109375},"rotation":{"x":0.0014999945415183902,"y":0.0014999402919784189,"z":-0.000002299395646332414,"w":0.9999978542327881},"size":392.1422424316406,"orthographic":false}