{"cameraMode":{"drawMode":0,"name":"Shaded","section":"Shading Mode"},"sceneLighting":false,"audioPlay":false,"sceneViewState":{"m_AlwaysRefresh":false,"showFog":true,"showSkybox":false,"showFlares":true,"showImageEffects":true,"showParticleSystems":true,"showVisualEffectGraphs":true,"m_FxEnabled":true},"in2DMode":false,"pivot":{"x":-0.36041074991226199,"y":-0.10722208023071289,"z":-0.011431694030761719},"rotation":{"x":0.08537432551383972,"y":-0.022415967658162118,"z":0.001921201474033296,"w":0.9960957169532776},"size":1.3976373672485352,"orthographic":false}